qf,Approach,estimate__,lower__,upper__
-0.792335276880329,FTLR,0.3799921813789515,0.3489492237957882,0.4109474992276714
-0.792335276880329,LiSSA,0.39362395105220693,0.3635367263243756,0.424231285809596
-0.792335276880329,IR,0.31046076877640894,0.2829765047471241,0.33968807519882493
-0.792335276880329,VSM,0.34393052258004697,0.3114549747080883,0.37861873765207243
-0.792335276880329,LSI,0.3932410951092081,0.35895840047188404,0.42680055718645526
-0.7510651443737832,FTLR,0.37975685822234473,0.3490129188768815,0.4104669762344468
-0.7510651443737832,LiSSA,0.3937556265290214,0.36391512039365065,0.4241485836916542
-0.7510651443737832,IR,0.3100899392836205,0.28294151425288466,0.3390437631431143
-0.7510651443737832,VSM,0.34447604505108,0.31236848499762643,0.379051298763478
-0.7510651443737832,LSI,0.3928973024823358,0.3590682319373561,0.4261601118826806
-0.7097950118672375,FTLR,0.37953394731435897,0.34900071699811613,0.40991676331114557
-0.7097950118672375,LiSSA,0.39385095103348416,0.36429020633629633,0.4239522432479195
-0.7097950118672375,IR,0.30974136823833565,0.28282321683920747,0.33832061552279563
-0.7097950118672375,VSM,0.3450201961667745,0.3131564541417982,0.37946702413962546
-0.7097950118672375,LSI,0.39256468540897516,0.3591092858976874,0.42552666985176096
-0.6685248793606917,FTLR,0.37928145942224667,0.348986927150883,0.409358887927592
-0.6685248793606917,LiSSA,0.3939556228788118,0.3646892329352179,0.4239482700928729
-0.6685248793606917,IR,0.3093729892102693,0.28272626443404936,0.33773485017937427
-0.6685248793606917,VSM,0.34554245867061356,0.31392962625117493,0.37977248096189314
-0.6685248793606917,LSI,0.3922064754345224,0.3591893345118748,0.424887321784264
-0.627254746854146,FTLR,0.379057583633148,0.34898287057124305,0.40879489230045224
-0.627254746854146,LiSSA,0.39407220612246385,0.36496329597564514,0.4239317404050267
-0.627254746854146,IR,0.30898450975957775,0.28254005755706463,0.33710857509957076
-0.627254746854146,VSM,0.3461002910690514,0.31473859460376014,0.3800772540885313
-0.627254746854146,LSI,0.39185829390154525,0.3590030581506793,0.4243569641812831
-0.5859846143476002,FTLR,0.3788499475194396,0.3490520891863167,0.40845310227352105
-0.5859846143476002,LiSSA,0.3941945795008728,0.36524100108242363,0.4238951193174471
-0.5859846143476002,IR,0.3085639381485036,0.2823836271770561,0.3364832391752097
-0.5859846143476002,VSM,0.34660586231884466,0.3154377430432301,0.3802681618112217
-0.5859846143476002,LSI,0.39149955764670447,0.3588506276341323,0.42379491419796306
-0.5447144818410544,FTLR,0.37864000463630376,0.34899001405955554,0.40816852763890255
-0.5447144818410544,LiSSA,0.3943007364327408,0.3655485325615484,0.42390314773062326
-0.5447144818410544,IR,0.30816682410552876,0.2823615444270195,0.3360239076089472
-0.5447144818410544,VSM,0.34719087062066,0.31628996846127344,0.38058703334424304
-0.5447144818410544,LSI,0.39118285311241796,0.35881557019468785,0.42315031736575104
-0.5034443493345087,FTLR,0.3784413129569767,0.34906008030261026,0.4077067849419657
-0.5034443493345087,LiSSA,0.3945017908976478,0.3656077990653549,0.42379412042322645
-0.5034443493345087,IR,0.30771773582505324,0.2821685693871838,0.3353940930450876
-0.5034443493345087,VSM,0.34771807349269157,0.31711070953612547,0.38098412621366295
-0.5034443493345087,LSI,0.39084257440422143,0.3587600836086692,0.42248453849086254
-0.4621742168279629,FTLR,0.3782064502005349,0.3489603304365131,0.40741762853454444
-0.4621742168279629,LiSSA,0.39466140835716523,0.36588243032853707,0.42383145120072674
-0.4621742168279629,IR,0.30730379249920203,0.28195206061057554,0.3347802441514167
-0.4621742168279629,VSM,0.34825265491451807,0.31776760019818173,0.38122883184900896
-0.4621742168279629,LSI,0.3905242126902556,0.35866686628259337,0.42204968237545715
-0.4209040843214171,FTLR,0.3779654929281608,0.3488820879702658,0.40700531362922104
-0.4209040843214171,LiSSA,0.39473581119477896,0.36612325589467293,0.42384669284572263
-0.4209040843214171,IR,0.3069873496832334,0.28167926844883834,0.3344036742361476
-0.4209040843214171,VSM,0.3488291609233922,0.3184647584807959,0.3814798913902712
-0.4209040843214171,LSI,0.3901363974181555,0.35860804949586966,0.42141358716474364
-0.37963395181487136,FTLR,0.37773125889064674,0.3487651151877157,0.4067480011951966
-0.37963395181487136,LiSSA,0.39485960187247116,0.3663683105377864,0.4239586589882648
-0.37963395181487136,IR,0.3065852980502002,0.2814943938043586,0.33383830234967576
-0.37963395181487136,VSM,0.3493642882660484,0.3192018681049012,0.3817358390307537
-0.37963395181487136,LSI,0.38976344703172766,0.35841846083537193,0.4209436699490407
-0.3383638193083256,FTLR,0.3774941305358108,0.3486428284959848,0.40655380987831197
-0.3383638193083256,LiSSA,0.3949466831493621,0.3664623266305652,0.4238820084730287
-0.3383638193083256,IR,0.306194719023077,0.28120870334372855,0.33335071671300215
-0.3383638193083256,VSM,0.3499075729689689,0.31982285294891055,0.38239078213823513
-0.3383638193083256,LSI,0.38941269992305916,0.35816467564187177,0.42036422209133856
-0.29709368680177983,FTLR,0.37725065574172956,0.34847357876753965,0.4062133902501858
-0.29709368680177983,LiSSA,0.3950250324367083,0.3666213703745404,0.42378894411453294
-0.29709368680177983,IR,0.30580143258296283,0.2809264971060785,0.33287488134768317
-0.29709368680177983,VSM,0.35046449634962795,0.3204894506447794,0.3827358052483475
-0.29709368680177983,LSI,0.38905878736970834,0.35798167775918477,0.4199013838665465
-0.25582355429523407,FTLR,0.37704426482290454,0.34832586937856147,0.4058968726597763
-0.25582355429523407,LiSSA,0.39511236619414786,0.3667491684534055,0.4238769912203156
-0.25582355429523407,IR,0.3054137547580446,0.2806146465171079,0.33239654120480455
-0.25582355429523407,VSM,0.351014970268317,0.3211628045249744,0.3831034977836127
-0.25582355429523407,LSI,0.38868329392372203,0.35769600209200153,0.41957922025657396
-0.2145534217886883,FTLR,0.37679043871180923,0.3481765237444822,0.40567071094315615
-0.2145534217886883,LiSSA,0.39520689754139066,0.3667863756845581,0.4239293991522424
-0.2145534217886883,IR,0.30505261906640685,0.28018562129387364,0.3318952591361087
-0.2145534217886883,VSM,0.35157142255614393,0.3216886963580721,0.38344360808112876
-0.2145534217886883,LSI,0.38834019596861474,0.35753471697636774,0.41921849186983196
-0.17328328928214254,FTLR,0.3765115614111607,0.34786166695130916,0.4052976732632442
-0.17328328928214254,LiSSA,0.39534432819744225,0.3668925283874786,0.4239105177824878
-0.17328328928214254,IR,0.3046577914602373,0.27973186457058524,0.331364474805331
-0.17328328928214254,VSM,0.35211998752655016,0.32231940793990693,0.3839722580231093
-0.17328328928214254,LSI,0.38805488016363693,0.35711207479190504,0.4187971210040809
-0.13201315677559677,FTLR,0.37625707938860026,0.34757229702740633,0.4051142286329226
-0.13201315677559677,LiSSA,0.3954068798175484,0.36694001044052577,0.4239518256348508
-0.13201315677559677,IR,0.3042222680217159,0.27918084540595,0.3308816958111698
-0.13201315677559677,VSM,0.3526789314871021,0.3227780016255031,0.38450866771786035
-0.13201315677559677,LSI,0.3876721963227964,0.35667988262934336,0.4185261642241659
-0.09074302426905101,FTLR,0.37604370146395816,0.3474071014574741,0.4049956019500473
-0.09074302426905101,LiSSA,0.39548783858036884,0.36688753028936594,0.4241400932745784
-0.09074302426905101,IR,0.3038591194453103,0.2786282807708243,0.330513502647758
-0.09074302426905101,VSM,0.35318228998260026,0.32332949600007366,0.38510002964684464
-0.09074302426905101,LSI,0.3873110334459759,0.3562977890657116,0.41824435587129793
-0.049472891762505244,FTLR,0.3757573364518886,0.34705602725240275,0.4048292444311965
-0.049472891762505244,LiSSA,0.3955942261901626,0.3668911545392102,0.4242874211300659
-0.049472891762505244,IR,0.3034289446175129,0.27814183972185014,0.33022207564976624
-0.049472891762505244,VSM,0.353761115219153,0.3236412149245299,0.38548929780649477
-0.049472891762505244,LSI,0.38698364725264867,0.35597551520490706,0.41786870176917007
-0.00820275925595948,FTLR,0.37546517715492667,0.34662763538455593,0.40457302778276283
-0.00820275925595948,LiSSA,0.3957400987851996,0.36694431831560004,0.4244679626480367
-0.00820275925595948,IR,0.3030587892405484,0.27762950874179476,0.3299271445414679
-0.00820275925595948,VSM,0.35434141781442063,0.3240925703917995,0.3861039254956901
-0.00820275925595948,LSI,0.3867004031845407,0.3555200085852479,0.41747845192849414
0.033067373250586285,FTLR,0.3752207588499614,0.34639981936396247,0.40443395529146714
0.033067373250586285,LiSSA,0.395847897244069,0.3669102878472325,0.4246592680893324
0.033067373250586285,IR,0.30260483126992677,0.2770298279388581,0.32974079346902535
0.033067373250586285,VSM,0.35492755655991326,0.32454598181274713,0.3866445847794204
0.033067373250586285,LSI,0.38641210168578966,0.35510037902617797,0.4172364883425284
0.07433750575713205,FTLR,0.3749939161473109,0.3460281815417306,0.40420871028563654
0.07433750575713205,LiSSA,0.39595889352304753,0.36687562403853735,0.4247704817832745
0.07433750575713205,IR,0.3022680272540444,0.27657381315995533,0.3295146802564671
0.07433750575713205,VSM,0.3554772690945475,0.3250543480604859,0.38746946902137586
0.07433750575713205,LSI,0.3861066544871682,0.35474457007345384,0.41682885625346355
0.11560763826367781,FTLR,0.3747726626740193,0.3455159482207514,0.40416483430251815
0.11560763826367781,LiSSA,0.39609708568276936,0.3668367221363295,0.4252074206491586
0.11560763826367781,IR,0.3018690581607147,0.27581624921031517,0.3291832327924498
0.11560763826367781,VSM,0.35598752501795694,0.3255029586066768,0.38813663452740726
0.11560763826367781,LSI,0.3857468026504993,0.354395729939678,0.41652936244735483
0.15687777077022358,FTLR,0.3745564299998778,0.3452042832769324,0.4040099013145734
0.15687777077022358,LiSSA,0.39617155650657054,0.36681405656104016,0.4254778889604868
0.15687777077022358,IR,0.30144983804575665,0.27528360562851945,0.3290438751631654
0.15687777077022358,VSM,0.35652540650108583,0.3259403290421818,0.38877646576939906
0.15687777077022358,LSI,0.38541432609827814,0.3538916456654372,0.41633056918318173
0.19814790327676934,FTLR,0.37433778781096144,0.3447063168196733,0.40411153487322704
0.19814790327676934,LiSSA,0.39627088720891857,0.36660353762950915,0.4257565696010804
0.19814790327676934,IR,0.301103210957693,0.2745197759204999,0.32882915884889563
0.19814790327676934,VSM,0.3570224721133195,0.32620506105734526,0.3895560489197394
0.19814790327676934,LSI,0.3850846585779294,0.35355097761107196,0.41613763374808255
0.239418035783315,FTLR,0.3741182117431927,0.3442858784723022,0.40408573632765465
0.239418035783315,LiSSA,0.3963949036554243,0.3665599303049206,0.4259968766971666
0.239418035783315,IR,0.3007383455094723,0.27402994340344394,0.3287075555287799
0.239418035783315,VSM,0.3575225739919683,0.32641372389628553,0.39042678081452376
0.239418035783315,LSI,0.38473515057492724,0.35317546761242274,0.4159003174180077
0.2806881682898609,FTLR,0.3738467186236736,0.3437569735435352,0.4040627369694765
0.2806881682898609,LiSSA,0.3964569419994471,0.36654672872592864,0.42651067610630433
0.2806881682898609,IR,0.30037666225449056,0.2733293228439261,0.32858159174225016
0.2806881682898609,VSM,0.35811234081996324,0.3265479776407409,0.391134090276453
0.2806881682898609,LSI,0.38441768794516884,0.35274588308937693,0.4158019117736816
0.32195830079640675,FTLR,0.3736410891578297,0.3433162849785205,0.404078600914826
0.32195830079640675,LiSSA,0.39650469472452343,0.3665134480734801,0.42699973963438687
0.32195830079640675,IR,0.30001254665962174,0.27265618647932083,0.3284515291081706
0.32195830079640675,VSM,0.3586550816400359,0.3268151206386221,0.391668229075576
0.32195830079640675,LSI,0.38412046733396443,0.35231843245582956,0.4157443662705285
0.3632284333029524,FTLR,0.37337978671732397,0.34298545816705356,0.40405805814025597
0.3632284333029524,LiSSA,0.3966132621584013,0.3661910284386988,0.4274839632533495
0.3632284333029524,IR,0.29965883885163325,0.2719819172223963,0.32832359552358925
0.3632284333029524,VSM,0.35921102086686063,0.32710116594801525,0.3925180824410165
0.3632284333029524,LSI,0.3837629632480193,0.35164871857189084,0.415599965641127
0.40449856580949806,FTLR,0.3731401180592643,0.3425340400576831,0.40411001326371543
0.40449856580949806,LiSSA,0.396714892977555,0.3661338647821227,0.4279248120896209
0.40449856580949806,IR,0.29926656549020164,0.27128858234461295,0.3281692915764296
0.40449856580949806,VSM,0.3597430226186019,0.3273883798204179,0.3932194355189764
0.40449856580949806,LSI,0.383387036275824,0.3510434491638072,0.41540673243852366
0.44576869831604393,FTLR,0.37289762182178765,0.34185508667697057,0.4041202674020252
0.44576869831604393,LiSSA,0.39682486041839204,0.366093896212814,0.42827924425414265
0.44576869831604393,IR,0.29883069425615977,0.27067441997755376,0.32795990918834445
0.44576869831604393,VSM,0.3602872673058505,0.32748610011631807,0.3941482712650685
0.44576869831604393,LSI,0.38305826620307165,0.3503810419999095,0.4152449101424264
0.4870388308225898,FTLR,0.37272066039456647,0.341275243809838,0.4041354028591664
0.4870388308225898,LiSSA,0.39683859000321287,0.36582614358194554,0.42855115063857707
0.4870388308225898,IR,0.29840551887684325,0.26987932492909006,0.3280521105868116
0.4870388308225898,VSM,0.3608711388774632,0.32784366718887764,0.3948530543992323
0.4870388308225898,LSI,0.38268735091214634,0.3496468666544697,0.41522462068766836
0.5283089633291355,FTLR,0.3724908986360141,0.34064461225392123,0.4042540186592984
0.5283089633291355,LiSSA,0.3969046420254907,0.36558895306513184,0.4288596493345944
0.5283089633291355,IR,0.2980289472875777,0.2691886748714698,0.3279885578136093
0.5283089633291355,VSM,0.36143926135348137,0.32801239334858234,0.39579414327598883
0.5283089633291355,LSI,0.38231416194536205,0.349001538756438,0.4152994182841888
0.5695790958356811,FTLR,0.3722474180140132,0.3401445721062592,0.4043648336129935
0.5695790958356811,LiSSA,0.3969891814146835,0.3653070659888259,0.42943611806311693
0.5695790958356811,IR,0.2976447740045238,0.268454320411706,0.3279432642874449
0.5695790958356811,VSM,0.3620035041008378,0.3281140919377992,0.3967107684445512
0.5695790958356811,LSI,0.38197808506677416,0.34854081514737234,0.4153469268740007
0.610849228342227,FTLR,0.37203548057477065,0.3396181111930588,0.4046341535981723
0.610849228342227,LiSSA,0.3970912867258069,0.3649074678916676,0.4298530849896936
0.610849228342227,IR,0.297296683684127,0.2676388561910427,0.3280137137957997
0.610849228342227,VSM,0.3625950300257075,0.32827512440670137,0.397356019666821
0.610849228342227,LSI,0.3816503986724018,0.3481580410584914,0.415425919445134
0.6521193608487729,FTLR,0.37179467607492944,0.33888448204224164,0.4046812550383229
0.6521193608487729,LiSSA,0.3972279743418612,0.3647687876271393,0.4302819830202135
0.6521193608487729,IR,0.2969174067605659,0.2669162484698197,0.3279405622007265
0.6521193608487729,VSM,0.36310816426820314,0.3285258131370099,0.39807970518956637
0.6521193608487729,LSI,0.38136580466458603,0.34745661040073506,0.4153133642096499
0.6933894933553185,FTLR,0.37152643547736364,0.33836212486501377,0.4048601955422996
0.6933894933553185,LiSSA,0.39725974377523754,0.3645283546644796,0.4306079074700997
0.6933894933553185,IR,0.29656520456340496,0.26612903717477965,0.3280110404021657
0.6933894933553185,VSM,0.3636417770365967,0.32872633436720144,0.3991341282440315
0.6933894933553185,LSI,0.3810087552291394,0.34676312936176773,0.4153859241022775
0.7346596258618642,FTLR,0.37127415177918394,0.3376720143547045,0.40494144231619683
0.7346596258618642,LiSSA,0.39740196958204643,0.3641761464863139,0.4310691648550565
0.7346596258618642,IR,0.29616864996112124,0.2651519710556947,0.32798394681821663
0.7346596258618642,VSM,0.3642300741732025,0.3288532630064317,0.4001309604861033
0.7346596258618642,LSI,0.38067731217523926,0.3460205290729118,0.415400205861837
0.77592975836841,FTLR,0.37102782110996074,0.3369689416768768,0.40509558672848517
0.77592975836841,LiSSA,0.39748299256417874,0.36397669492472945,0.4316105750116349
0.77592975836841,IR,0.2957755417978937,0.26449572731918636,0.3279306512454291
0.77592975836841,VSM,0.3647841453017937,0.3289590296663945,0.4011552695820935
0.77592975836841,LSI,0.3803242752790502,0.3451979250712659,0.41548806576115316
0.8171998908749559,FTLR,0.37076576953361223,0.3361336105382852,0.4051885174417048
0.8171998908749559,LiSSA,0.39756136094981553,0.3637123346579213,0.4320669887517557
0.8171998908749559,IR,0.2953822643502988,0.2636617437761768,0.3279774522727958
0.8171998908749559,VSM,0.36531633179731526,0.32912358747189063,0.4020100284519799
0.8171998908749559,LSI,0.37996790313609924,0.3443720567400715,0.415481651848755
0.8584700233815016,FTLR,0.3705380406325183,0.3354053652713865,0.40545566006538825
0.8584700233815016,LiSSA,0.39766842121913215,0.3634254093329995,0.432557024919756
0.8584700233815016,IR,0.2949961869859582,0.262857887003217,0.32799308682992256
0.8584700233815016,VSM,0.3659081167711337,0.32919615913708894,0.40284178616933014
0.8584700233815016,LSI,0.3796029783119147,0.3434969407662722,0.41547919257216986
0.8997401558880472,FTLR,0.37033201133547555,0.334758413478638,0.40560713463087794
0.8997401558880472,LiSSA,0.3977691981201078,0.36303088443185794,0.43303170620891784
0.8997401558880472,IR,0.29463813190772015,0.26196296814073516,0.3282247373939121
0.8997401558880472,VSM,0.36639444274378286,0.32931720937907477,0.4039153587612946
0.8997401558880472,LSI,0.37927873959098546,0.3425997839487021,0.4154174888248815
0.9410102883945931,FTLR,0.37010330865590857,0.33406821009919685,0.4057448664308804
0.9410102883945931,LiSSA,0.39783747847146417,0.36264206183275477,0.4335761358985925
0.9410102883945931,IR,0.2943112303340075,0.261134563480822,0.32824631912613494
0.9410102883945931,VSM,0.36693850654555255,0.32934444148620867,0.4049669063757713
0.9410102883945931,LSI,0.3789422779558217,0.3417657768591968,0.41554243820852454
0.982280420901139,FTLR,0.36986640401187687,0.33330230604312927,0.40584142690663844
0.982280420901139,LiSSA,0.39794913538523086,0.362280812011943,0.4340978992359639
0.982280420901139,IR,0.2939613833249727,0.26029512120012416,0.32834935004128496
0.982280420901139,VSM,0.3674729657752468,0.3293250926607999,0.4058613447861514
0.982280420901139,LSI,0.378669285449313,0.34097337804282507,0.4157654788347842
1.0235505534076847,FTLR,0.3696613126520687,0.33259237353951515,0.40614545452574985
1.0235505534076847,LiSSA,0.39811646027171244,0.3620470839184254,0.43453076543494173
1.0235505534076847,IR,0.2935633523790649,0.25939939816695046,0.3284151677132927
1.0235505534076847,VSM,0.3680274186514475,0.32927648701453827,0.4067474321795545
1.0235505534076847,LSI,0.3783470991667846,0.3400629454585569,0.41593742059614414
1.0648206859142304,FTLR,0.3693912122276678,0.33173042684653414,0.4064203094694204
1.0648206859142304,LiSSA,0.39822189199848435,0.3617991282605475,0.43499156530573263
1.0648206859142304,IR,0.2931874956167817,0.2584596131325987,0.3284483524018712
1.0648206859142304,VSM,0.3685728007968935,0.3293153313892046,0.40772754735105293
1.0648206859142304,LSI,0.3779971998477417,0.33917365689148965,0.415915355309111
1.106090818420776,FTLR,0.36918524792494756,0.33092427229696053,0.40673979389881765
1.106090818420776,LiSSA,0.39832469552264105,0.3613294956757045,0.43564678668857604
1.106090818420776,IR,0.2928093255193187,0.2575594792019237,0.3286176667734052
1.106090818420776,VSM,0.3691943458339736,0.3293569046975435,0.4086930839971469
1.106090818420776,LSI,0.3776980719196466,0.3382324777552017,0.4158841345882198
1.1473609509273222,FTLR,0.3689645832535479,0.33024533993581756,0.4068903690339616
1.1473609509273222,LiSSA,0.3984021450361931,0.36094168927610326,0.4362814513343496
1.1473609509273222,IR,0.2924028120719475,0.2568127501837239,0.3287805098129116
1.1473609509273222,VSM,0.36969478480776696,0.3294412502960071,0.4099416030743755
1.1473609509273222,LSI,0.3773625090815694,0.33740098960499476,0.41607785262889097
1.1886310834338678,FTLR,0.3687703178000328,0.3293779420051727,0.4069711283820755
1.1886310834338678,LiSSA,0.39850350549465796,0.36032949533793396,0.4368906940410273
1.1886310834338678,IR,0.29202606267966136,0.2560671553156319,0.32897952793966506
1.1886310834338678,VSM,0.37021079410776603,0.32930378591534704,0.4110346366902536
1.1886310834338678,LSI,0.37700938507041026,0.3364762530910027,0.4162863100594408
1.2299012159404135,FTLR,0.3685591709164707,0.3285456834409828,0.40741586185821477
1.2299012159404135,LiSSA,0.39859758294646364,0.35986412946508795,0.4375085024890717
1.2299012159404135,IR,0.2916858029862593,0.25516422888397533,0.32903129338244186
1.2299012159404135,VSM,0.3707889213088434,0.3293836447701856,0.41196558266451777
1.2299012159404135,LSI,0.3766914450762293,0.3356474528721757,0.41649145658222425
1.2711713484469591,FTLR,0.36836114692855154,0.32772043734886785,0.4076508840415128
1.2711713484469591,LiSSA,0.3987550592123172,0.35944859676494173,0.43814596770827663
1.2711713484469591,IR,0.29132832586669877,0.25429766061133396,0.32916698638593267
1.2711713484469591,VSM,0.37135451768148464,0.3293431055891984,0.41292445590034593
1.2711713484469591,LSI,0.3763760569495558,0.3348388508523921,0.4166345969569067
1.3124414809535052,FTLR,0.3681446698605845,0.32681355473449913,0.40786615509277313
1.3124414809535052,LiSSA,0.39881655467857,0.35907011264817723,0.43874528724018547
1.3124414809535052,IR,0.29100302007832207,0.2533590162723145,0.32935222854189367
1.3124414809535052,VSM,0.37188791981494085,0.3293623124409628,0.4138620161166391
1.3124414809535052,LSI,0.3760776710717679,0.33404454795366406,0.41687880561457846
1.3537116134600509,FTLR,0.3679003123084601,0.32600569957098813,0.4081752829650432
1.3537116134600509,LiSSA,0.39894571829620906,0.35856991094905527,0.4392788805285925
1.3537116134600509,IR,0.2906407304269134,0.25245018829672444,0.3296294763604227
1.3537116134600509,VSM,0.372508720439087,0.32938141604893445,0.41488035065291573
1.3537116134600509,LSI,0.3757518329668632,0.3332372874629664,0.4170564373032582
1.3949817459665965,FTLR,0.3676403466079124,0.32521351080834204,0.40837015661594345
1.3949817459665965,LiSSA,0.3990228617681961,0.3583425415395637,0.43993335718493337
1.3949817459665965,IR,0.29028924336429773,0.25146056500181546,0.32976596307793693
1.3949817459665965,VSM,0.3730435641774633,0.32943291984496376,0.41576524124843284
1.3949817459665965,LSI,0.3754970033800529,0.3322956383110804,0.4172696441142151
1.4362518784731426,FTLR,0.3674076098607436,0.32448455778701063,0.40870356931852403
1.4362518784731426,LiSSA,0.39910958781801376,0.35792632507710337,0.4405802963298736
1.4362518784731426,IR,0.28990331964821464,0.250539362947562,0.3299235456530168
1.4362518784731426,VSM,0.37354220218719797,0.3294932624591284,0.41687297506492876
1.4362518784731426,LSI,0.37510118802114434,0.3312379631988178,0.41751508190553177
1.4775220109796883,FTLR,0.3672317528569051,0.3237211750955823,0.4090550152011588
1.4775220109796883,LiSSA,0.39925780208091327,0.35753583351603724,0.44124789561156125
1.4775220109796883,IR,0.28955932361828374,0.2498074847707722,0.33011414835719244
1.4775220109796883,VSM,0.3740930542582387,0.3295228557287495,0.41809274278684033
1.4775220109796883,LSI,0.3747679903246248,0.33029366348625877,0.4176183458950486
1.518792143486234,FTLR,0.3670002425694353,0.322998785260147,0.40932398571798184
1.518792143486234,LiSSA,0.39938150114750404,0.3570679783741995,0.44174498569350473
1.518792143486234,IR,0.28917978374002135,0.24893544463794604,0.3303401478729348
1.518792143486234,VSM,0.3747222239947716,0.3294418028401383,0.4190805849686235
1.518792143486234,LSI,0.3744232662199636,0.3293218146805632,0.41795177594272975
1.5600622759927796,FTLR,0.36677407337481616,0.322162063544026,0.40978833423494054
1.5600622759927796,LiSSA,0.39947653025295443,0.35650396931589184,0.4422405565060034
1.5600622759927796,IR,0.28882612144098374,0.24803695150036112,0.3306252795529515
1.5600622759927796,VSM,0.37523748984108424,0.32936315895699875,0.42006226954977505
1.5600622759927796,LSI,0.3740994435032833,0.32850663288234133,0.41823514442058995
1.6013324084993252,FTLR,0.36652643882411856,0.32130542889479596,0.410068711708605
1.6013324084993252,LiSSA,0.39958507779954544,0.35582025701776043,0.442897303228594
1.6013324084993252,IR,0.2883966673743116,0.24711545608584523,0.3307043753114716
1.6013324084993252,VSM,0.3757677636360057,0.32928220557458066,0.42121736632128043
1.6013324084993252,LSI,0.3737378559423288,0.3274073913994378,0.4185177403050765
1.6426025410058713,FTLR,0.36626586282503354,0.32042481299867726,0.4104220383573579
1.6426025410058713,LiSSA,0.39968320698588006,0.3553320872364795,0.4435291391753257
1.6426025410058713,IR,0.2880363307513698,0.24615479052634706,0.33095831066845416
1.6426025410058713,VSM,0.3762738675467468,0.3290972853955779,0.4222678568655943
1.6426025410058713,LSI,0.3734024097778679,0.32657308113091577,0.41857828608685543
1.683872673512417,FTLR,0.366076206978852,0.31959914007709633,0.4108853600868194
1.683872673512417,LiSSA,0.3997911257133906,0.35486649403619397,0.4441102739796161
1.683872673512417,IR,0.28768086203331433,0.24515649950858232,0.3311622373611541
1.683872673512417,VSM,0.37684731549776845,0.32898817579951456,0.42335413750609024
1.683872673512417,LSI,0.3730474946936306,0.3256093090854621,0.4187988288364837
1.7251428060189626,FTLR,0.36582106298680683,0.31883822988178007,0.41108259816816717
1.7251428060189626,LiSSA,0.3998637900642316,0.3544147278056585,0.44469594005633306
1.7251428060189626,IR,0.28733332930076927,0.2441481447192669,0.33145380450632667
1.7251428060189626,VSM,0.37742649703771086,0.32894661589636526,0.4245260776690584
1.7251428060189626,LSI,0.3727101924549673,0.32468079713247694,0.4191214170438943
1.7664129385255087,FTLR,0.36559812140139536,0.31793770492138074,0.4114081938326841
1.7664129385255087,LiSSA,0.3999537968700893,0.35393357589228797,0.44530313927411685
1.7664129385255087,IR,0.28698438423608597,0.24316343014934164,0.3316588161706576
1.7664129385255087,VSM,0.37796534503331625,0.3288728759163895,0.42561360060112496
1.7664129385255087,LSI,0.3724089981702927,0.3236441983433709,0.4192203353542717
1.8076830710320544,FTLR,0.36536727310662875,0.3170209276705973,0.41177503002643295
1.8076830710320544,LiSSA,0.40005001065577206,0.35351024255260216,0.4459266049344968
1.8076830710320544,IR,0.2866041689523058,0.24218158127750639,0.33182798683111914
1.8076830710320544,VSM,0.3784593751857071,0.3285801091993617,0.42663422071713225
1.8076830710320544,LSI,0.37206900482989613,0.32258324923656717,0.41960350380783007
1.8489532035386,FTLR,0.3651301053086128,0.31602602195190865,0.4122998317938002
1.8489532035386,LiSSA,0.4001071817632388,0.35293852700441886,0.4466001506916417
1.8489532035386,IR,0.28621670433391955,0.24128965787756973,0.3320265673980636
1.8489532035386,VSM,0.3789759531029582,0.32841844352908595,0.4278218925165003
1.8489532035386,LSI,0.37172087795921943,0.3215291821613318,0.4199246707484113
1.8902233360451457,FTLR,0.3648717554156192,0.3151906998950023,0.41270161583976833
1.8902233360451457,LiSSA,0.40018927670163407,0.3524132649999214,0.44729361714497384
1.8902233360451457,IR,0.2858599923613518,0.24037687438220118,0.3323455069191828
1.8902233360451457,VSM,0.37951368401283486,0.32825906613022576,0.428887285892673
1.8902233360451457,LSI,0.37147028478506405,0.3204745734758079,0.42020727922440865
1.9314934685516914,FTLR,0.3646891205775808,0.3141880374053871,0.41305994490131215
1.9314934685516914,LiSSA,0.4002831125027354,0.35193710260474803,0.44798676160034057
1.9314934685516914,IR,0.2855080978654801,0.23942935598082007,0.3327021788771439
1.9314934685516914,VSM,0.3800759158533772,0.3282157599342154,0.4301350321120415
1.9314934685516914,LSI,0.37112623979901305,0.3196152875039901,0.42040273178648874
1.9727636010582374,FTLR,0.3644237083068357,0.3131690699119019,0.4134127608953834
1.9727636010582374,LiSSA,0.40036086973929413,0.3513795229188408,0.44851206847064146
1.9727636010582374,IR,0.285096298368686,0.23828120993283833,0.33305476022671854
1.9727636010582374,VSM,0.38059814833847494,0.32792951184972724,0.4313613205991109
1.9727636010582374,LSI,0.3707578736256333,0.31859440009938234,0.4206897370666984
2.014033733564783,FTLR,0.3641663341333472,0.3123895800623997,0.4137794753396674
2.014033733564783,LiSSA,0.40054682364516925,0.3508193228834724,0.44902859610567275
2.014033733564783,IR,0.28480679389070146,0.2374071966771384,0.3332757520189096
2.014033733564783,VSM,0.3811453262449419,0.3278517901898344,0.43255318404318066
2.014033733564783,LSI,0.37044355913563254,0.31763580612092446,0.42089850148522245
2.0553038660713288,FTLR,0.36387832579458257,0.31144971234994173,0.4142238335364831
2.0553038660713288,LiSSA,0.40064749862802856,0.35031933072191357,0.4497836566147088
2.0553038660713288,IR,0.2844266466294584,0.23648898565929538,0.3334163524279821
2.0553038660713288,VSM,0.38167629556478255,0.3278460820085659,0.4336495242534498
2.0553038660713288,LSI,0.37011751929419634,0.31672439414178,0.421280630198173
2.096573998577875,FTLR,0.36362240023760395,0.3105660481377842,0.4146009617883488
2.096573998577875,LiSSA,0.40071758450302303,0.3499404269918451,0.45045022505668747
2.096573998577875,IR,0.2840776170343491,0.23566038153194385,0.3337574822674423
2.096573998577875,VSM,0.38221646365703943,0.32754353612173337,0.4348373649121691
2.096573998577875,LSI,0.369771586033977,0.31571470510423105,0.42148950572205696
2.1378441310844205,FTLR,0.36338789963584905,0.30964981277341347,0.4149711456812186
2.1378441310844205,LiSSA,0.40082794402127114,0.34941628681630116,0.4510950427891349
2.1378441310844205,IR,0.2836960040709463,0.23467751027220027,0.3340491775343289
2.1378441310844205,VSM,0.3827263233755067,0.3274381179282342,0.4360546333033239
2.1378441310844205,LSI,0.3693929422092207,0.3146923757372454,0.42186182342284556
2.179114263590966,FTLR,0.3631446762766585,0.3087222736506699,0.4154306923457349
2.179114263590966,LiSSA,0.4009096300320373,0.348856759510887,0.451822199322893
2.179114263590966,IR,0.2833789078053703,0.23361703789454452,0.3342645143001576
2.179114263590966,VSM,0.38324496951761644,0.3273040158458727,0.43722691407063935
2.179114263590966,LSI,0.3690280880021037,0.313636307531306,0.4222134202359883
2.220384396097512,FTLR,0.3629223906073908,0.3079444724193522,0.41579780499983154
2.220384396097512,LiSSA,0.4010094720731111,0.3484695495075073,0.4525016244696079
2.220384396097512,IR,0.28299091659803327,0.23270581269574817,0.3345325738034415
2.220384396097512,VSM,0.3837879299984578,0.32717815792623306,0.4384219438341094
2.220384396097512,LSI,0.36867071904198306,0.31270153223842007,0.4226869243936847
2.2616545286040575,FTLR,0.3627063899658224,0.3071892011719104,0.41619317157648095
2.2616545286040575,LiSSA,0.4010739431674901,0.34778897108984436,0.453110464333697
2.2616545286040575,IR,0.28264459692315225,0.2317379276059743,0.33479287028121696
2.2616545286040575,VSM,0.38430312633932195,0.3268779444986893,0.43962279450175734
2.2616545286040575,LSI,0.36835176631716426,0.3115898637820604,0.42304105243565987
2.3029246611106036,FTLR,0.3624894659801392,0.3063597598234319,0.4166755296667701
2.3029246611106036,LiSSA,0.40118063029449863,0.3473893300104708,0.45368970208875714
2.3029246611106036,IR,0.2822768425783286,0.23074526938470155,0.3350792668292696
2.3029246611106036,VSM,0.3847964281551278,0.32661600327905854,0.440821377552029
2.3029246611106036,LSI,0.36805330804857883,0.31062475906573817,0.42328718861434694
2.344194793617149,FTLR,0.3622446347169237,0.3054529633726023,0.41695033240657936
2.344194793617149,LiSSA,0.4012664346769099,0.34672614324299816,0.45421621894392733
2.344194793617149,IR,0.2819206428009794,0.22991305771400755,0.33533088466770977
2.344194793617149,VSM,0.38532502323258533,0.3264419742658792,0.4420542002697025
2.344194793617149,LSI,0.36768713186092783,0.3096525824006527,0.4236660201122692
2.385464926123695,FTLR,0.36202184495016054,0.30448910643684846,0.41733603058905244
2.385464926123695,LiSSA,0.4013565829210979,0.3463163707926196,0.45474651953895806
2.385464926123695,IR,0.2815724884539804,0.22910394162302572,0.33565917643506393
2.385464926123695,VSM,0.3858170954256808,0.32633085070243917,0.4432503408128667
2.385464926123695,LSI,0.36736264824134995,0.3085647226707707,0.42402680836325535
2.426735058630241,FTLR,0.36173713527553264,0.30354145832309437,0.4178323462544895
2.426735058630241,LiSSA,0.4014635127842797,0.34566098950366275,0.45550638163854684
2.426735058630241,IR,0.28118344413827867,0.22812893650286634,0.3359578430061036
2.426735058630241,VSM,0.3863697603582798,0.3259894107104882,0.4444602109821517
2.426735058630241,LSI,0.36707600530805073,0.3074327148056345,0.4244255998851323
2.4680051911367866,FTLR,0.3615565006091863,0.302568651555047,0.41814199140382025
2.4680051911367866,LiSSA,0.40156838089956737,0.3451798035305028,0.4558334816485953
2.4680051911367866,IR,0.2808059252841905,0.22715996660770685,0.33626290079989346
2.4680051911367866,VSM,0.3868407018866946,0.3256304777750419,0.4455946573078427
2.4680051911367866,LSI,0.3667935841388818,0.30634558745203144,0.42472215858052503
2.5092753236433323,FTLR,0.36132728901446753,0.30164055585013094,0.4185723103446833
2.5092753236433323,LiSSA,0.40170871126950547,0.3445558372159432,0.45657697840347083
2.5092753236433323,IR,0.2803805658620375,0.22627462938548332,0.3366679933476449
2.5092753236433323,VSM,0.3874334047019091,0.3253810168396215,0.4466404527955462
2.5092753236433323,LSI,0.3664061382994328,0.3053065013890831,0.42506848353788823
2.550545456149878,FTLR,0.36108369552184405,0.3008252526423317,0.4190140725547466
2.550545456149878,LiSSA,0.4018267978298903,0.3440636285788947,0.4573350492597804
2.550545456149878,IR,0.2799990961842858,0.22529448493732407,0.3369945241088126
2.550545456149878,VSM,0.38801020502187256,0.32524340958149167,0.44780541363181264
2.550545456149878,LSI,0.3660250403588413,0.30414104835330835,0.4254496445021584
2.5918155886564236,FTLR,0.36085601460951106,0.29994586201134826,0.4195055586631531
2.5918155886564236,LiSSA,0.4018532537217778,0.3435762173066097,0.4580305012245099
2.5918155886564236,IR,0.27967643926490066,0.2243291371097273,0.33729347868890575
2.5918155886564236,VSM,0.3885285219371135,0.32514805071298175,0.44882835703731594
2.5918155886564236,LSI,0.3656827516358928,0.303003796956046,0.42583571610740095
2.6330857211629697,FTLR,0.36061196797393247,0.2991013602559564,0.42002704608597713
2.6330857211629697,LiSSA,0.4019510436049966,0.34314047695203337,0.45863728224166156
2.6330857211629697,IR,0.27932507308803023,0.2234418614959872,0.3375690566527996
2.6330857211629697,VSM,0.3890077592840526,0.32496248775844466,0.44986620859012205
2.6330857211629697,LSI,0.36532083699492024,0.3020027941937766,0.42622294213078826
2.6743558536695153,FTLR,0.36042436828270913,0.2982055465487799,0.4205193630242573
2.6743558536695153,LiSSA,0.40204787966265454,0.34252021402773597,0.4593209604812172
2.6743558536695153,IR,0.27898822258213873,0.22246778153733612,0.33783979041571743
2.6743558536695153,VSM,0.389522123787845,0.3249476425287466,0.45095100556822515
2.6743558536695153,LSI,0.3649456908815456,0.30103553500531766,0.42660962393502766
2.715625986176061,FTLR,0.36018892189718466,0.29732874321724106,0.42092698229475717
2.715625986176061,LiSSA,0.40209899110621206,0.3420411512502836,0.45985603830405286
2.715625986176061,IR,0.2786478134742476,0.2214949611400896,0.33809844335166456
2.715625986176061,VSM,0.3900634171538437,0.3247287274588892,0.452029211832184
2.715625986176061,LSI,0.36460247789421907,0.3000216108717648,0.42689321297412725
2.756896118682607,FTLR,0.35994705188421255,0.29635732441074936,0.4213436611072009
2.756896118682607,LiSSA,0.40223165590655,0.34155582275280755,0.460466137899478
2.756896118682607,IR,0.27831235703936197,0.2206186021734016,0.3383206298409843
2.756896118682607,VSM,0.3905606402803988,0.3244955105544747,0.453200434024324
2.756896118682607,LSI,0.36422862034929715,0.29903577873315434,0.4272818546270614
2.7981662511891527,FTLR,0.35970838622408985,0.2952508611591137,0.42170780364737204
2.7981662511891527,LiSSA,0.402326773691169,0.3409272005806334,0.46112979552351635
2.7981662511891527,IR,0.2779630194008478,0.21979535078774376,0.33855720461579686
2.7981662511891527,VSM,0.39106669182092646,0.3242403881043962,0.45430516295954615
2.7981662511891527,LSI,0.363843884406832,0.29807133464886715,0.42770465941198155
2.8394363836956984,FTLR,0.3594498468340185,0.29412778068803247,0.4221510228084655
2.8394363836956984,LiSSA,0.4024029502772414,0.34039467953339847,0.46189399884808074
2.8394363836956984,IR,0.27761558227543476,0.2187863638487565,0.3388832210592212
2.8394363836956984,VSM,0.39159743764509847,0.32400987400342685,0.45538617190892017
2.8394363836956984,LSI,0.3635331635190645,0.2969775827133744,0.42810728622258937
2.880706516202244,FTLR,0.3592774494654337,0.293064331169662,0.42260395915874077
2.880706516202244,LiSSA,0.40249221133841545,0.33974991480227734,0.4624676896867412
2.880706516202244,IR,0.277267420380304,0.2179000490318463,0.3391730970373133
2.880706516202244,VSM,0.39215063227809555,0.32375147541768134,0.45653332423481097
2.880706516202244,LSI,0.3631799382570562,0.29583235897147625,0.42835811671164903
2.9219766487087897,FTLR,0.3590347832174186,0.29218787286607595,0.42310451490335377
2.9219766487087897,LiSSA,0.40256162920512406,0.3391779760505133,0.4633013783369622
2.9219766487087897,IR,0.27693070000075215,0.21695367355014472,0.33943888207650136
2.9219766487087897,VSM,0.3927184023893765,0.3235481704589707,0.4576515159643253
2.9219766487087897,LSI,0.3628595805215088,0.2947408589641672,0.42860345311739184
2.963246781215336,FTLR,0.3587929846761686,0.29134048566663784,0.42344572465501773
2.963246781215336,LiSSA,0.40266055846852067,0.3386567355264656,0.4640251158256061
2.963246781215336,IR,0.2765919984743,0.21593959367468174,0.33970647510817054
2.963246781215336,VSM,0.3932536246063251,0.3232652179620315,0.4587061879134389
2.963246781215336,LSI,0.362516957999702,0.29371429690265877,0.42890171176929553
3.0045169137218815,FTLR,0.35858379142581753,0.29031296835226783,0.42395040240370924
3.0045169137218815,LiSSA,0.4027355054982211,0.3381582518534224,0.464662573567914
3.0045169137218815,IR,0.27623976983631326,0.2149648841884479,0.3399732631454045
3.0045169137218815,VSM,0.3938100033464673,0.3228965155129263,0.45985354112754456
3.0045169137218815,LSI,0.3621515137979908,0.2927301005267875,0.42929752937917387
3.045787046228427,FTLR,0.35836835235404346,0.2894232371534692,0.4245415628685207
3.045787046228427,LiSSA,0.40282524422362,0.33756583096393955,0.4652581373222908
3.045787046228427,IR,0.27589425243476146,0.21403276241902366,0.3402597842445705
3.045787046228427,VSM,0.3943583307852649,0.32276891476277775,0.460857508574847
3.045787046228427,LSI,0.361822960337879,0.2916059080544928,0.42951091160189075
3.087057178734973,FTLR,0.35808714559806076,0.2885031202469867,0.4249701852259006
3.087057178734973,LiSSA,0.40294301759472023,0.33693418435339006,0.4660595060535829
3.087057178734973,IR,0.2755110710772468,0.21311669788366713,0.3405477292507363
3.087057178734973,VSM,0.39484164806916583,0.32263219025990686,0.46198092695821563
3.087057178734973,LSI,0.3614586366942937,0.2904765652691628,0.4297846740579293
3.128327311241519,FTLR,0.3578720606992975,0.2875691725482972,0.4253457110997668
3.128327311241519,LiSSA,0.40301643389843933,0.3363556436863175,0.46658856202569227
3.128327311241519,IR,0.2751735961376617,0.21219406544239386,0.34094814477051283
3.128327311241519,VSM,0.39536267341803094,0.3224993928146433,0.4629827762389123
3.128327311241519,LSI,0.3611498065666103,0.28934955543209245,0.4302219453619296
3.1695974437480645,FTLR,0.3576097844470695,0.28666970158971294,0.42571496836408756
3.1695974437480645,LiSSA,0.40310189260678586,0.33570020279526325,0.4671859434413696
3.1695974437480645,IR,0.274798557063384,0.21124859259193385,0.34125744007197417
3.1695974437480645,VSM,0.39589629181559366,0.3222660645862931,0.46399021624417
3.1695974437480645,LSI,0.3608399056908316,0.28821614917014,0.4304362621814372
3.2108675762546106,FTLR,0.35738535637364777,0.2856838342351676,0.426032501607548
3.2108675762546106,LiSSA,0.4031985987652529,0.3350856824351252,0.46791518028617723
3.2108675762546106,IR,0.27445779499054734,0.21031294200519857,0.34150172667564566
3.2108675762546106,VSM,0.3964015258118414,0.3219812790170656,0.46510130680331946
3.2108675762546106,LSI,0.3604550018620932,0.2871005348520232,0.4306011126045417
3.252137708761156,FTLR,0.3571573005078716,0.2846607835726406,0.4263466525179475
3.252137708761156,LiSSA,0.40328651209154615,0.3343387728636733,0.4685495113090323
3.252137708761156,IR,0.27412368457990943,0.20942837156802965,0.34173427456399075
3.252137708761156,VSM,0.3969117337978656,0.3216810152070319,0.46608875545974526
3.252137708761156,LSI,0.36017359777728364,0.28597735218132925,0.43102033347024626
3.2934078412677015,FTLR,0.35695234475221566,0.2838261075187944,0.4267096338915159
3.2934078412677015,LiSSA,0.4033838245852802,0.33367619551657884,0.46923743662012785
3.2934078412677015,IR,0.2737844200640377,0.20846323776774908,0.34201678128356716
3.2934078412677015,VSM,0.3974179804440631,0.3214025325218868,0.46714963839903556
3.2934078412677015,LSI,0.35980891836939116,0.2848272912913726,0.4314547968789541
